"","Date","# of cases","# of deaths","State","2019"
"1",2020-03-13,6,0,"AL",4903185
"2",2020-03-14,11,0,"AL",4903185
"3",2020-03-15,22,0,"AL",4903185
"4",2020-03-16,29,0,"AL",4903185
"5",2020-03-17,39,0,"AL",4903185
"6",2020-03-18,51,0,"AL",4903185
"7",2020-03-19,78,0,"AL",4903185
"8",2020-03-20,106,0,"AL",4903185
"9",2020-03-21,131,0,"AL",4903185
"10",2020-03-22,157,0,"AL",4903185
"11",2020-03-23,196,0,"AL",4903185
"12",2020-03-24,242,0,"AL",4903185
"13",2020-03-25,386,1,"AL",4903185
"14",2020-03-26,531,1,"AL",4903185
"15",2020-03-27,639,3,"AL",4903185
"16",2020-03-28,720,3,"AL",4903185
"17",2020-03-29,827,4,"AL",4903185
"18",2020-03-30,907,6,"AL",4903185
"19",2020-03-31,979,13,"AL",4903185
"20",2020-04-01,1084,17,"AL",4903185
"21",2020-04-02,1251,17,"AL",4903185
"22",2020-04-03,1454,21,"AL",4903185
"23",2020-04-04,1569,26,"AL",4903185
"24",2020-03-13,1,0,"AK",731545
"25",2020-03-16,3,0,"AK",731545
"26",2020-03-18,6,0,"AK",731545
"27",2020-03-19,9,0,"AK",731545
"28",2020-03-20,12,0,"AK",731545
"29",2020-03-21,14,0,"AK",731545
"30",2020-03-22,22,0,"AK",731545
"31",2020-03-23,36,0,"AK",731545
"32",2020-03-24,42,0,"AK",731545
"33",2020-03-25,59,1,"AK",731545
"34",2020-03-26,69,1,"AK",731545
"35",2020-03-27,85,2,"AK",731545
"36",2020-03-28,102,2,"AK",731545
"37",2020-03-29,114,3,"AK",731545
"38",2020-03-30,119,3,"AK",731545
"39",2020-03-31,133,3,"AK",731545
"40",2020-04-01,143,3,"AK",731545
"41",2020-04-02,151,3,"AK",731545
"42",2020-04-03,157,3,"AK",731545
"43",2020-03-07,5,0,"AZ",7278717
"44",2020-03-10,6,0,"AZ",7278717
"45",2020-03-11,9,0,"AZ",7278717
"46",2020-03-12,9,0,"AZ",7278717
"47",2020-03-13,9,0,"AZ",7278717
"48",2020-03-14,12,0,"AZ",7278717
"49",2020-03-16,18,0,"AZ",7278717
"50",2020-03-17,20,0,"AZ",7278717
"51",2020-03-18,27,0,"AZ",7278717
"52",2020-03-19,44,0,"AZ",7278717
"53",2020-03-20,63,0,"AZ",7278717
"54",2020-03-21,104,1,"AZ",7278717
"55",2020-03-22,152,2,"AZ",7278717
"56",2020-03-23,235,2,"AZ",7278717
"57",2020-03-24,326,5,"AZ",7278717
"58",2020-03-25,401,6,"AZ",7278717
"59",2020-03-26,508,8,"AZ",7278717
"60",2020-03-27,665,13,"AZ",7278717
"61",2020-03-28,773,15,"AZ",7278717
"62",2020-03-29,919,17,"AZ",7278717
"63",2020-03-30,1157,20,"AZ",7278717
"64",2020-03-31,1289,24,"AZ",7278717
"65",2020-04-01,1413,29,"AZ",7278717
"66",2020-04-02,1598,32,"AZ",7278717
"67",2020-04-03,1769,41,"AZ",7278717
"68",2020-03-11,1,0,"AR",3017804
"69",2020-03-12,6,0,"AR",3017804
"70",2020-03-13,9,0,"AR",3017804
"71",2020-03-14,12,0,"AR",3017804
"72",2020-03-15,16,0,"AR",3017804
"73",2020-03-16,22,0,"AR",3017804
"74",2020-03-17,22,0,"AR",3017804
"75",2020-03-18,37,0,"AR",3017804
"76",2020-03-19,62,0,"AR",3017804
"77",2020-03-20,100,0,"AR",3017804
"78",2020-03-21,118,0,"AR",3017804
"79",2020-03-22,165,0,"AR",3017804
"80",2020-03-23,201,0,"AR",3017804
"81",2020-03-24,232,2,"AR",3017804
"82",2020-03-25,308,2,"AR",3017804
"83",2020-03-26,349,3,"AR",3017804
"84",2020-03-27,386,3,"AR",3017804
"85",2020-03-28,409,5,"AR",3017804
"86",2020-03-29,449,6,"AR",3017804
"87",2020-03-30,508,7,"AR",3017804
"88",2020-03-31,564,8,"AR",3017804
"89",2020-04-01,624,10,"AR",3017804
"90",2020-04-02,683,12,"AR",3017804
"91",2020-04-03,738,12,"AR",3017804
"92",2020-04-04,743,14,"AR",3017804
"93",2020-01-26,2,0,"CA",39512223
"94",2020-01-31,3,0,"CA",39512223
"95",2020-02-02,6,0,"CA",39512223
"96",2020-03-04,53,1,"CA",39512223
"97",2020-03-05,60,1,"CA",39512223
"98",2020-03-06,69,1,"CA",39512223
"99",2020-03-07,88,1,"CA",39512223
"100",2020-03-08,114,1,"CA",39512223
"101",2020-03-09,133,1,"CA",39512223
"102",2020-03-10,157,2,"CA",39512223
"103",2020-03-11,177,3,"CA",39512223
"104",2020-03-12,198,4,"CA",39512223
"105",2020-03-13,247,5,"CA",39512223
"106",2020-03-14,335,6,"CA",39512223
"107",2020-03-15,392,6,"CA",39512223
"108",2020-03-16,472,11,"CA",39512223
"109",2020-03-17,598,13,"CA",39512223
"110",2020-03-18,675,16,"CA",39512223
"111",2020-03-19,1006,19,"CA",39512223
"112",2020-03-20,1224,23,"CA",39512223
"113",2020-03-21,1468,27,"CA",39512223
"114",2020-03-22,1733,27,"CA",39512223
"115",2020-03-23,2102,40,"CA",39512223
"116",2020-03-24,2535,53,"CA",39512223
"117",2020-03-25,3006,65,"CA",39512223
"118",2020-03-26,3801,78,"CA",39512223
"119",2020-03-27,4643,101,"CA",39512223
"120",2020-03-29,5763,135,"CA",39512223
"121",2020-03-30,6932,150,"CA",39512223
"122",2020-03-31,8155,171,"CA",39512223
"123",2020-04-01,9191,203,"CA",39512223
"124",2020-04-02,10701,237,"CA",39512223
"125",2020-04-03,12026,276,"CA",39512223
"126",2020-03-05,2,0,"CO",5758736
"127",2020-03-06,8,0,"CO",5758736
"128",2020-03-07,8,0,"CO",5758736
"129",2020-03-08,8,0,"CO",5758736
"130",2020-03-09,12,0,"CO",5758736
"131",2020-03-10,17,0,"CO",5758736
"132",2020-03-11,34,0,"CO",5758736
"133",2020-03-12,49,0,"CO",5758736
"134",2020-03-13,77,1,"CO",5758736
"135",2020-03-14,101,1,"CO",5758736
"136",2020-03-15,131,1,"CO",5758736
"137",2020-03-16,160,1,"CO",5758736
"138",2020-03-17,183,2,"CO",5758736
"139",2020-03-18,216,2,"CO",5758736
"140",2020-03-19,277,4,"CO",5758736
"141",2020-03-20,363,4,"CO",5758736
"142",2020-03-21,475,5,"CO",5758736
"143",2020-03-22,591,6,"CO",5758736
"144",2020-03-23,720,7,"CO",5758736
"145",2020-03-24,912,11,"CO",5758736
"146",2020-03-25,1086,19,"CO",5758736
"147",2020-03-26,1430,24,"CO",5758736
"148",2020-03-27,1734,31,"CO",5758736
"149",2020-03-28,2061,44,"CO",5758736
"150",2020-03-29,2307,47,"CO",5758736
"151",2020-03-30,2627,51,"CO",5758736
"152",2020-03-31,2966,69,"CO",5758736
"153",2020-04-01,3342,80,"CO",5758736
"154",2020-04-02,3728,97,"CO",5758736
"155",2020-04-03,4173,111,"CO",5758736
"156",2020-03-08,1,NA,"CT",3565287
"157",2020-03-09,2,NA,"CT",3565287
"158",2020-03-11,3,NA,"CT",3565287
"159",2020-03-12,6,NA,"CT",3565287
"160",2020-03-13,11,NA,"CT",3565287
"161",2020-03-14,20,NA,"CT",3565287
"162",2020-03-15,26,NA,"CT",3565287
"163",2020-03-16,41,NA,"CT",3565287
"164",2020-03-17,68,NA,"CT",3565287
"165",2020-03-18,96,NA,"CT",3565287
"166",2020-03-19,159,NA,"CT",3565287
"167",2020-03-20,194,NA,"CT",3565287
"168",2020-03-21,223,NA,"CT",3565287
"169",2020-03-22,327,NA,"CT",3565287
"170",2020-03-23,415,NA,"CT",3565287
"171",2020-03-24,618,NA,"CT",3565287
"172",2020-03-25,875,NA,"CT",3565287
"173",2020-03-26,1012,NA,"CT",3565287
"174",2020-03-27,1291,NA,"CT",3565287
"175",2020-03-28,1524,NA,"CT",3565287
"176",2020-03-29,1993,NA,"CT",3565287
"177",2020-03-30,2571,NA,"CT",3565287
"178",2020-03-31,3128,NA,"CT",3565287
"179",2020-04-01,3557,NA,"CT",3565287
"180",2020-04-02,3824,NA,"CT",3565287
"181",2020-04-03,4915,NA,"CT",3565287
"182",2020-04-04,5276,NA,"CT",3565287
"183",2020-03-11,1,0,"DE",973764
"184",2020-03-12,4,0,"DE",973764
"185",2020-03-13,4,0,"DE",973764
"186",2020-03-14,6,0,"DE",973764
"187",2020-03-15,7,0,"DE",973764
"188",2020-03-16,8,0,"DE",973764
"189",2020-03-17,16,0,"DE",973764
"190",2020-03-18,26,0,"DE",973764
"191",2020-03-19,30,0,"DE",973764
"192",2020-03-20,39,0,"DE",973764
"193",2020-03-21,45,0,"DE",973764
"194",2020-03-22,56,0,"DE",973764
"195",2020-03-23,87,0,"DE",973764
"196",2020-03-24,104,0,"DE",973764
"197",2020-03-25,119,0,"DE",973764
"198",2020-03-26,143,2,"DE",973764
"199",2020-03-27,165,2,"DE",973764
"200",2020-03-28,214,5,"DE",973764
"201",2020-03-29,232,6,"DE",973764
"202",2020-03-30,264,7,"DE",973764
"203",2020-03-31,319,10,"DE",973764
"204",2020-04-01,368,11,"DE",973764
"205",2020-04-02,393,12,"DE",973764
"206",2020-04-03,450,12,"DE",973764
"207",2020-04-04,593,14,"DE",973764
"208",2020-03-01,2,NA,"FL",21477737
"209",2020-03-02,2,NA,"FL",21477737
"210",2020-03-03,3,NA,"FL",21477737
"211",2020-03-04,8,NA,"FL",21477737
"212",2020-03-07,17,NA,"FL",21477737
"213",2020-03-08,18,NA,"FL",21477737
"214",2020-03-09,19,NA,"FL",21477737
"215",2020-03-10,28,NA,"FL",21477737
"216",2020-03-11,31,NA,"FL",21477737
"217",2020-03-12,49,NA,"FL",21477737
"218",2020-03-13,77,NA,"FL",21477737
"219",2020-03-14,115,NA,"FL",21477737
"220",2020-03-15,149,NA,"FL",21477737
"221",2020-03-16,160,NA,"FL",21477737
"222",2020-03-17,216,NA,"FL",21477737
"223",2020-03-18,328,NA,"FL",21477737
"224",2020-03-19,432,NA,"FL",21477737
"225",2020-03-20,563,NA,"FL",21477737
"226",2020-03-21,763,NA,"FL",21477737
"227",2020-03-22,1007,NA,"FL",21477737
"228",2020-03-23,1227,NA,"FL",21477737
"229",2020-03-24,1467,NA,"FL",21477737
"230",2020-03-25,1977,NA,"FL",21477737
"231",2020-03-26,2484,NA,"FL",21477737
"232",2020-03-27,3198,NA,"FL",21477737
"233",2020-03-28,4038,NA,"FL",21477737
"234",2020-03-29,4950,NA,"FL",21477737
"235",2020-03-30,5704,NA,"FL",21477737
"236",2020-03-31,6741,NA,"FL",21477737
"237",2020-04-01,7773,NA,"FL",21477737
"238",2020-04-02,9008,NA,"FL",21477737
"239",2020-04-03,10268,NA,"FL",21477737
"240",2020-04-04,11545,NA,"FL",21477737
"241",2020-03-02,2,0,"GA",10617423
"242",2020-03-06,3,0,"GA",10617423
"243",2020-03-07,8,0,"GA",10617423
"244",2020-03-08,11,0,"GA",10617423
"245",2020-03-09,15,0,"GA",10617423
"246",2020-03-10,17,0,"GA",10617423
"247",2020-03-11,27,0,"GA",10617423
"248",2020-03-12,33,0,"GA",10617423
"249",2020-03-13,64,1,"GA",10617423
"250",2020-03-14,66,1,"GA",10617423
"251",2020-03-15,99,1,"GA",10617423
"252",2020-03-16,121,1,"GA",10617423
"253",2020-03-17,146,1,"GA",10617423
"254",2020-03-18,197,1,"GA",10617423
"255",2020-03-19,287,10,"GA",10617423
"256",2020-03-20,420,13,"GA",10617423
"257",2020-03-21,555,20,"GA",10617423
"258",2020-03-22,620,25,"GA",10617423
"259",2020-03-23,800,26,"GA",10617423
"260",2020-03-24,1097,38,"GA",10617423
"261",2020-03-25,1387,47,"GA",10617423
"262",2020-03-26,1643,56,"GA",10617423
"263",2020-03-27,2198,65,"GA",10617423
"264",2020-03-28,2446,79,"GA",10617423
"265",2020-03-29,2683,83,"GA",10617423
"266",2020-03-30,3032,102,"GA",10617423
"267",2020-03-31,4117,125,"GA",10617423
"268",2020-04-01,4748,154,"GA",10617423
"269",2020-04-02,5444,176,"GA",10617423
"270",2020-04-03,5967,198,"GA",10617423
"271",2020-04-04,6160,201,"GA",10617423
"272",2020-03-06,1,0,"HI",1415872
"273",2020-03-07,1,0,"HI",1415872
"274",2020-03-08,2,0,"HI",1415872
"275",2020-03-14,4,0,"HI",1415872
"276",2020-03-15,7,0,"HI",1415872
"277",2020-03-16,10,0,"HI",1415872
"278",2020-03-17,14,0,"HI",1415872
"279",2020-03-18,16,0,"HI",1415872
"280",2020-03-19,26,0,"HI",1415872
"281",2020-03-20,37,0,"HI",1415872
"282",2020-03-21,48,0,"HI",1415872
"283",2020-03-22,56,0,"HI",1415872
"284",2020-03-23,77,0,"HI",1415872
"285",2020-03-24,90,0,"HI",1415872
"286",2020-03-25,95,0,"HI",1415872
"287",2020-03-26,106,0,"HI",1415872
"288",2020-03-27,120,0,"HI",1415872
"289",2020-03-28,151,0,"HI",1415872
"290",2020-03-29,175,0,"HI",1415872
"291",2020-03-30,204,0,"HI",1415872
"292",2020-03-31,224,1,"HI",1415872
"293",2020-04-01,258,1,"HI",1415872
"294",2020-04-02,285,2,"HI",1415872
"295",2020-04-03,319,3,"HI",1415872
"296",2020-04-04,351,3,"HI",1415872
"297",2020-03-13,1,0,"ID",1787065
"298",2020-03-14,5,0,"ID",1787065
"299",2020-03-16,5,0,"ID",1787065
"300",2020-03-17,9,0,"ID",1787065
"301",2020-03-18,11,0,"ID",1787065
"302",2020-03-19,23,0,"ID",1787065
"303",2020-03-20,31,0,"ID",1787065
"304",2020-03-21,42,0,"ID",1787065
"305",2020-03-22,47,0,"ID",1787065
"306",2020-03-23,50,0,"ID",1787065
"307",2020-03-24,73,0,"ID",1787065
"308",2020-03-25,123,0,"ID",1787065
"309",2020-03-26,189,3,"ID",1787065
"310",2020-03-27,230,4,"ID",1787065
"311",2020-03-28,261,5,"ID",1787065
"312",2020-03-29,310,6,"ID",1787065
"313",2020-03-30,415,7,"ID",1787065
"314",2020-03-31,525,9,"ID",1787065
"315",2020-01-24,1,0,"IL",12671821
"316",2020-01-30,2,0,"IL",12671821
"317",2020-02-29,3,0,"IL",12671821
"318",2020-03-02,4,0,"IL",12671821
"319",2020-03-05,5,0,"IL",12671821
"320",2020-03-06,6,0,"IL",12671821
"321",2020-03-08,7,0,"IL",12671821
"322",2020-03-09,11,0,"IL",12671821
"323",2020-03-10,19,0,"IL",12671821
"324",2020-03-11,25,0,"IL",12671821
"325",2020-03-12,32,0,"IL",12671821
"326",2020-03-13,46,0,"IL",12671821
"327",2020-03-14,64,0,"IL",12671821
"328",2020-03-15,93,0,"IL",12671821
"329",2020-03-16,105,0,"IL",12671821
"330",2020-03-17,160,1,"IL",12671821
"331",2020-03-18,288,1,"IL",12671821
"332",2020-03-19,422,4,"IL",12671821
"333",2020-03-20,585,5,"IL",12671821
"334",2020-03-21,753,6,"IL",12671821
"335",2020-03-22,1049,9,"IL",12671821
"336",2020-03-23,1285,12,"IL",12671821
"337",2020-03-24,1535,16,"IL",12671821
"338",2020-03-25,1865,19,"IL",12671821
"339",2020-03-26,2538,26,"IL",12671821
"340",2020-03-27,3026,34,"IL",12671821
"341",2020-03-28,3491,47,"IL",12671821
"342",2020-03-29,4596,65,"IL",12671821
"343",2020-03-30,5057,73,"IL",12671821
"344",2020-03-31,5994,99,"IL",12671821
"345",2020-04-01,6980,141,"IL",12671821
"346",2020-04-02,7695,157,"IL",12671821
"347",2020-04-03,8904,210,"IL",12671821
"348",2020-04-04,10357,243,"IL",12671821
"349",2020-03-06,1,0,"IN",6732219
"350",2020-03-07,1,0,"IN",6732219
"351",2020-03-08,4,0,"IN",6732219
"352",2020-03-09,5,0,"IN",6732219
"353",2020-03-10,10,2,"IN",6732219
"354",2020-03-11,11,2,"IN",6732219
"355",2020-03-12,12,2,"IN",6732219
"356",2020-03-13,15,4,"IN",6732219
"357",2020-03-14,15,4,"IN",6732219
"358",2020-03-15,26,6,"IN",6732219
"359",2020-03-16,30,8,"IN",6732219
"360",2020-03-17,39,8,"IN",6732219
"361",2020-03-18,56,9,"IN",6732219
"362",2020-03-19,79,9,"IN",6732219
"363",2020-03-20,124,10,"IN",6732219
"364",2020-03-21,199,20,"IN",6732219
"365",2020-03-22,256,26,"IN",6732219
"366",2020-03-23,361,30,"IN",6732219
"367",2020-03-24,474,37,"IN",6732219
"368",2020-03-25,636,43,"IN",6732219
"369",2020-03-26,939,53,"IN",6732219
"370",2020-03-27,1221,63,"IN",6732219
"371",2020-03-28,1510,75,"IN",6732219
"372",2020-03-29,1781,81,"IN",6732219
"373",2020-03-30,2154,91,"IN",6732219
"374",2020-03-31,2560,97,"IN",6732219
"375",2020-04-01,3029,107,"IN",6732219
"376",2020-04-02,3430,115,"IN",6732219
"377",2020-04-03,3953,116,"IN",6732219
"378",2020-03-08,3,0,"IA",3155070
"379",2020-03-09,8,0,"IA",3155070
"380",2020-03-10,13,0,"IA",3155070
"381",2020-03-11,14,0,"IA",3155070
"382",2020-03-12,16,0,"IA",3155070
"383",2020-03-13,17,0,"IA",3155070
"384",2020-03-14,18,0,"IA",3155070
"385",2020-03-15,22,0,"IA",3155070
"386",2020-03-16,23,0,"IA",3155070
"387",2020-03-17,29,0,"IA",3155070
"388",2020-03-18,38,0,"IA",3155070
"389",2020-03-19,44,0,"IA",3155070
"390",2020-03-20,45,0,"IA",3155070
"391",2020-03-21,68,0,"IA",3155070
"392",2020-03-22,90,0,"IA",3155070
"393",2020-03-23,105,0,"IA",3155070
"394",2020-03-24,124,1,"IA",3155070
"395",2020-03-25,145,1,"IA",3155070
"396",2020-03-26,179,3,"IA",3155070
"397",2020-03-27,235,3,"IA",3155070
"398",2020-03-28,298,4,"IA",3155070
"399",2020-03-29,336,6,"IA",3155070
"400",2020-03-30,424,6,"IA",3155070
"401",2020-03-31,497,7,"IA",3155070
"402",2020-04-01,549,9,"IA",3155070
"403",2020-04-02,614,11,"IA",3155070
"404",2020-04-03,699,11,"IA",3155070
"405",2020-04-04,786,14,"IA",3155070
"406",2020-03-07,1,0,"KS",2913314
"407",2020-03-08,1,0,"KS",2913314
"408",2020-03-09,1,0,"KS",2913314
"409",2020-03-10,1,0,"KS",2913314
"410",2020-03-11,1,0,"KS",2913314
"411",2020-03-12,5,1,"KS",2913314
"412",2020-03-13,6,1,"KS",2913314
"413",2020-03-14,8,1,"KS",2913314
"414",2020-03-15,9,1,"KS",2913314
"415",2020-03-16,11,1,"KS",2913314
"416",2020-03-17,16,1,"KS",2913314
"417",2020-03-18,21,1,"KS",2913314
"418",2020-03-19,34,1,"KS",2913314
"419",2020-03-20,44,1,"KS",2913314
"420",2020-03-21,55,2,"KS",2913314
"421",2020-03-22,64,2,"KS",2913314
"422",2020-03-23,79,2,"KS",2913314
"423",2020-03-24,98,2,"KS",2913314
"424",2020-03-25,126,3,"KS",2913314
"425",2020-03-26,171,3,"KS",2913314
"426",2020-03-27,205,4,"KS",2913314
"427",2020-03-28,264,5,"KS",2913314
"428",2020-03-29,322,6,"KS",2913314
"429",2020-03-30,371,8,"KS",2913314
"430",2020-03-31,431,9,"KS",2913314
"431",2020-04-01,485,10,"KS",2913314
"432",2020-04-02,555,13,"KS",2913314
"433",2020-04-03,623,17,"KS",2913314
"434",2020-04-04,701,21,"KS",2913314
"435",2020-03-07,1,0,"KY",4467673
"436",2020-03-08,4,0,"KY",4467673
"437",2020-03-09,6,0,"KY",4467673
"438",2020-03-10,8,0,"KY",4467673
"439",2020-03-11,8,0,"KY",4467673
"440",2020-03-12,11,0,"KY",4467673
"441",2020-03-13,14,0,"KY",4467673
"442",2020-03-14,16,0,"KY",4467673
"443",2020-03-15,20,0,"KY",4467673
"444",2020-03-16,22,1,"KY",4467673
"445",2020-03-17,26,1,"KY",4467673
"446",2020-03-18,35,1,"KY",4467673
"447",2020-03-19,40,1,"KY",4467673
"448",2020-03-20,48,2,"KY",4467673
"449",2020-03-21,54,3,"KY",4467673
"450",2020-03-22,99,3,"KY",4467673
"451",2020-03-23,124,4,"KY",4467673
"452",2020-03-24,157,4,"KY",4467673
"453",2020-03-25,198,5,"KY",4467673
"454",2020-03-26,248,6,"KY",4467673
"455",2020-03-27,302,8,"KY",4467673
"456",2020-03-28,394,9,"KY",4467673
"457",2020-03-29,439,9,"KY",4467673
"458",2020-03-30,480,11,"KY",4467673
"459",2020-03-31,594,18,"KY",4467673
"460",2020-04-01,670,20,"KY",4467673
"461",2020-04-02,770,31,"KY",4467673
"462",2020-04-03,831,37,"KY",4467673
"463",2020-04-04,917,40,"KY",4467673
"464",2020-03-09,1,0,"LA",4648794
"465",2020-03-10,5,0,"LA",4648794
"466",2020-03-11,13,0,"LA",4648794
"467",2020-03-12,19,0,"LA",4648794
"468",2020-03-13,36,0,"LA",4648794
"469",2020-03-14,77,1,"LA",4648794
"470",2020-03-15,103,2,"LA",4648794
"471",2020-03-16,136,3,"LA",4648794
"472",2020-03-17,196,4,"LA",4648794
"473",2020-03-18,280,7,"LA",4648794
"474",2020-03-19,392,10,"LA",4648794
"475",2020-03-20,537,14,"LA",4648794
"476",2020-03-21,763,20,"LA",4648794
"477",2020-03-22,837,20,"LA",4648794
"478",2020-03-23,1172,34,"LA",4648794
"479",2020-03-24,1388,46,"LA",4648794
"480",2020-03-25,1795,65,"LA",4648794
"481",2020-03-26,2305,83,"LA",4648794
"482",2020-03-27,2746,119,"LA",4648794
"483",2020-03-28,3315,137,"LA",4648794
"484",2020-03-29,3540,151,"LA",4648794
"485",2020-03-30,4025,185,"LA",4648794
"486",2020-03-31,5237,239,"LA",4648794
"487",2020-04-01,6424,273,"LA",4648794
"488",2020-04-02,9150,310,"LA",4648794
"489",2020-04-03,10297,370,"LA",4648794
"490",2020-04-04,12496,409,"LA",4648794
"491",2020-03-12,1,0,"ME",1344212
"492",2020-03-13,3,0,"ME",1344212
"493",2020-03-16,17,0,"ME",1344212
"494",2020-03-17,32,0,"ME",1344212
"495",2020-03-18,42,0,"ME",1344212
"496",2020-03-19,52,0,"ME",1344212
"497",2020-03-20,56,0,"ME",1344212
"498",2020-03-21,70,0,"ME",1344212
"499",2020-03-22,89,0,"ME",1344212
"500",2020-03-23,107,0,"ME",1344212
"501",2020-03-24,118,0,"ME",1344212
"502",2020-03-25,142,0,"ME",1344212
"503",2020-03-26,155,0,"ME",1344212
"504",2020-03-27,168,1,"ME",1344212
"505",2020-03-28,211,1,"ME",1344212
"506",2020-03-29,253,3,"ME",1344212
"507",2020-03-30,275,3,"ME",1344212
"508",2020-03-31,303,5,"ME",1344212
"509",2020-04-01,344,7,"ME",1344212
"510",2020-04-02,376,7,"ME",1344212
"511",2020-04-03,432,9,"ME",1344212
"512",2020-03-05,3,0,"MD",6045680
"513",2020-03-06,3,0,"MD",6045680
"514",2020-03-07,3,0,"MD",6045680
"515",2020-03-08,5,0,"MD",6045680
"516",2020-03-09,5,0,"MD",6045680
"517",2020-03-10,6,0,"MD",6045680
"518",2020-03-11,9,0,"MD",6045680
"519",2020-03-12,12,0,"MD",6045680
"520",2020-03-13,17,0,"MD",6045680
"521",2020-03-14,26,0,"MD",6045680
"522",2020-03-15,31,0,"MD",6045680
"523",2020-03-16,37,0,"MD",6045680
"524",2020-03-17,57,0,"MD",6045680
"525",2020-03-18,85,1,"MD",6045680
"526",2020-03-19,107,1,"MD",6045680
"527",2020-03-20,150,2,"MD",6045680
"528",2020-03-21,190,2,"MD",6045680
"529",2020-03-22,244,3,"MD",6045680
"530",2020-03-23,288,3,"MD",6045680
"531",2020-03-24,349,3,"MD",6045680
"532",2020-03-25,423,4,"MD",6045680
"533",2020-03-26,580,4,"MD",6045680
"534",2020-03-27,774,5,"MD",6045680
"535",2020-03-28,992,5,"MD",6045680
"536",2020-03-29,1239,10,"MD",6045680
"537",2020-03-30,1413,15,"MD",6045680
"538",2020-03-31,1660,18,"MD",6045680
"539",2020-04-01,1985,31,"MD",6045680
"540",2020-04-02,2331,36,"MD",6045680
"541",2020-04-03,2758,42,"MD",6045680
"542",2020-04-04,3125,52,"MD",6045680
"543",2020-02-01,1,0,"MA",6892503
"544",2020-03-02,2,0,"MA",6892503
"545",2020-03-05,3,0,"MA",6892503
"546",2020-03-06,8,0,"MA",6892503
"547",2020-03-07,13,0,"MA",6892503
"548",2020-03-08,28,0,"MA",6892503
"549",2020-03-09,41,0,"MA",6892503
"550",2020-03-10,92,0,"MA",6892503
"551",2020-03-11,95,0,"MA",6892503
"552",2020-03-12,108,0,"MA",6892503
"553",2020-03-13,123,0,"MA",6892503
"554",2020-03-14,138,0,"MA",6892503
"555",2020-03-15,164,0,"MA",6892503
"556",2020-03-16,197,0,"MA",6892503
"557",2020-03-17,218,0,"MA",6892503
"558",2020-03-18,256,0,"MA",6892503
"559",2020-03-19,328,0,"MA",6892503
"560",2020-03-20,413,1,"MA",6892503
"561",2020-03-21,525,2,"MA",6892503
"562",2020-03-22,646,5,"MA",6892503
"563",2020-03-23,777,9,"MA",6892503
"564",2020-03-24,1159,11,"MA",6892503
"565",2020-03-25,1838,15,"MA",6892503
"566",2020-03-26,2417,25,"MA",6892503
"567",2020-03-27,3240,35,"MA",6892503
"568",2020-03-28,4257,44,"MA",6892503
"569",2020-03-29,4955,48,"MA",6892503
"570",2020-03-30,5752,56,"MA",6892503
"571",2020-03-31,6620,89,"MA",6892503
"572",2020-04-01,7738,122,"MA",6892503
"573",2020-04-02,8966,154,"MA",6892503
"574",2020-04-03,10402,192,"MA",6892503
"575",2020-04-04,11736,216,"MA",6892503
"576",2020-03-10,2,NA,"MI",9986857
"577",2020-03-11,2,NA,"MI",9986857
"578",2020-03-12,12,NA,"MI",9986857
"579",2020-03-13,25,NA,"MI",9986857
"580",2020-03-14,33,NA,"MI",9986857
"581",2020-03-15,53,NA,"MI",9986857
"582",2020-03-16,54,NA,"MI",9986857
"583",2020-03-17,65,NA,"MI",9986857
"584",2020-03-18,80,NA,"MI",9986857
"585",2020-03-19,334,NA,"MI",9986857
"586",2020-03-20,549,NA,"MI",9986857
"587",2020-03-21,787,NA,"MI",9986857
"588",2020-03-22,1035,NA,"MI",9986857
"589",2020-03-23,1328,NA,"MI",9986857
"590",2020-03-24,1791,NA,"MI",9986857
"591",2020-03-25,2295,NA,"MI",9986857
"592",2020-03-26,2856,NA,"MI",9986857
"593",2020-03-27,3657,NA,"MI",9986857
"594",2020-03-28,4650,NA,"MI",9986857
"595",2020-03-29,5486,NA,"MI",9986857
"596",2020-03-30,6498,NA,"MI",9986857
"597",2020-03-31,7615,NA,"MI",9986857
"598",2020-04-01,9334,NA,"MI",9986857
"599",2020-04-02,10791,NA,"MI",9986857
"600",2020-04-03,12744,NA,"MI",9986857
"601",2020-04-04,14225,NA,"MI",9986857
"602",2020-03-07,1,0,"MN",5639632
"603",2020-03-08,2,0,"MN",5639632
"604",2020-03-09,2,0,"MN",5639632
"605",2020-03-10,3,0,"MN",5639632
"606",2020-03-11,5,0,"MN",5639632
"607",2020-03-12,9,0,"MN",5639632
"608",2020-03-13,14,0,"MN",5639632
"609",2020-03-14,21,0,"MN",5639632
"610",2020-03-15,35,0,"MN",5639632
"611",2020-03-16,54,0,"MN",5639632
"612",2020-03-17,60,0,"MN",5639632
"613",2020-03-18,77,0,"MN",5639632
"614",2020-03-19,89,0,"MN",5639632
"615",2020-03-20,115,0,"MN",5639632
"616",2020-03-21,137,1,"MN",5639632
"617",2020-03-22,169,1,"MN",5639632
"618",2020-03-23,235,1,"MN",5639632
"619",2020-03-24,262,1,"MN",5639632
"620",2020-03-25,287,1,"MN",5639632
"621",2020-03-26,346,2,"MN",5639632
"622",2020-03-27,398,4,"MN",5639632
"623",2020-03-28,441,5,"MN",5639632
"624",2020-03-29,503,9,"MN",5639632
"625",2020-03-30,576,10,"MN",5639632
"626",2020-03-31,629,12,"MN",5639632
"627",2020-04-01,689,17,"MN",5639632
"628",2020-04-02,742,18,"MN",5639632
"629",2020-04-03,789,22,"MN",5639632
"630",2020-04-04,865,24,"MN",5639632
"631",2020-03-11,1,0,"MS",2976149
"632",2020-03-12,1,0,"MS",2976149
"633",2020-03-13,6,0,"MS",2976149
"634",2020-03-15,10,0,"MS",2976149
"635",2020-03-16,12,0,"MS",2976149
"636",2020-03-17,21,0,"MS",2976149
"637",2020-03-18,34,0,"MS",2976149
"638",2020-03-19,50,1,"MS",2976149
"639",2020-03-20,80,1,"MS",2976149
"640",2020-03-21,140,1,"MS",2976149
"641",2020-03-22,207,1,"MS",2976149
"642",2020-03-23,249,1,"MS",2976149
"643",2020-03-24,320,1,"MS",2976149
"644",2020-03-25,377,5,"MS",2976149
"645",2020-03-26,485,6,"MS",2976149
"646",2020-03-27,579,8,"MS",2976149
"647",2020-03-28,663,13,"MS",2976149
"648",2020-03-29,758,14,"MS",2976149
"649",2020-03-30,847,16,"MS",2976149
"650",2020-03-31,937,20,"MS",2976149
"651",2020-04-01,1073,22,"MS",2976149
"652",2020-04-02,1177,26,"MS",2976149
"653",2020-04-03,1358,29,"MS",2976149
"654",2020-04-04,1455,35,"MS",2976149
"655",2020-03-07,1,0,"MO",6137428
"656",2020-03-10,1,0,"MO",6137428
"657",2020-03-12,2,0,"MO",6137428
"658",2020-03-13,4,0,"MO",6137428
"659",2020-03-14,5,0,"MO",6137428
"660",2020-03-16,8,0,"MO",6137428
"661",2020-03-17,15,0,"MO",6137428
"662",2020-03-18,24,1,"MO",6137428
"663",2020-03-19,28,1,"MO",6137428
"664",2020-03-20,47,1,"MO",6137428
"665",2020-03-21,73,3,"MO",6137428
"666",2020-03-22,90,3,"MO",6137428
"667",2020-03-23,183,3,"MO",6137428
"668",2020-03-24,255,5,"MO",6137428
"669",2020-03-25,356,8,"MO",6137428
"670",2020-03-26,502,8,"MO",6137428
"671",2020-03-27,670,9,"MO",6137428
"672",2020-03-28,838,10,"MO",6137428
"673",2020-03-29,903,12,"MO",6137428
"674",2020-03-30,1031,13,"MO",6137428
"675",2020-03-31,1327,14,"MO",6137428
"676",2020-04-01,1581,18,"MO",6137428
"677",2020-04-02,1834,19,"MO",6137428
"678",2020-04-03,2113,19,"MO",6137428
"679",2020-04-04,2291,24,"MO",6137428
"680",2020-03-12,1,0,"MT",1068778
"681",2020-03-13,5,0,"MT",1068778
"682",2020-03-14,7,0,"MT",1068778
"683",2020-03-15,7,0,"MT",1068778
"684",2020-03-16,9,0,"MT",1068778
"685",2020-03-18,12,0,"MT",1068778
"686",2020-03-19,15,0,"MT",1068778
"687",2020-03-21,27,0,"MT",1068778
"688",2020-03-22,34,0,"MT",1068778
"689",2020-03-23,45,0,"MT",1068778
"690",2020-03-24,51,0,"MT",1068778
"691",2020-03-25,65,0,"MT",1068778
"692",2020-03-26,90,0,"MT",1068778
"693",2020-03-27,108,0,"MT",1068778
"694",2020-03-28,147,1,"MT",1068778
"695",2020-03-08,2,0,"NE",1934408
"696",2020-03-09,2,0,"NE",1934408
"697",2020-03-10,3,0,"NE",1934408
"698",2020-03-11,3,0,"NE",1934408
"699",2020-03-12,8,0,"NE",1934408
"700",2020-03-13,12,0,"NE",1934408
"701",2020-03-14,15,0,"NE",1934408
"702",2020-03-15,16,0,"NE",1934408
"703",2020-03-16,17,0,"NE",1934408
"704",2020-03-17,22,0,"NE",1934408
"705",2020-03-18,26,0,"NE",1934408
"706",2020-03-19,32,0,"NE",1934408
"707",2020-03-20,36,0,"NE",1934408
"708",2020-03-21,42,0,"NE",1934408
"709",2020-03-22,47,0,"NE",1934408
"710",2020-03-23,52,0,"NE",1934408
"711",2020-03-24,63,0,"NE",1934408
"712",2020-03-25,70,0,"NE",1934408
"713",2020-03-26,74,0,"NE",1934408
"714",2020-03-27,89,2,"NE",1934408
"715",2020-03-28,114,2,"NE",1934408
"716",2020-03-29,135,2,"NE",1934408
"717",2020-03-30,152,3,"NE",1934408
"718",2020-03-31,179,4,"NE",1934408
"719",2020-04-01,218,5,"NE",1934408
"720",2020-04-02,264,6,"NE",1934408
"721",2020-04-03,285,6,"NE",1934408
"722",2020-03-04,1,0,"NV",3080156
"723",2020-03-05,3,0,"NV",3080156
"724",2020-03-06,4,0,"NV",3080156
"725",2020-03-07,4,0,"NV",3080156
"726",2020-03-08,5,0,"NV",3080156
"727",2020-03-09,5,0,"NV",3080156
"728",2020-03-10,9,0,"NV",3080156
"729",2020-03-11,12,0,"NV",3080156
"730",2020-03-12,22,0,"NV",3080156
"731",2020-03-13,34,0,"NV",3080156
"732",2020-03-14,45,0,"NV",3080156
"733",2020-03-15,63,0,"NV",3080156
"734",2020-03-16,73,1,"NV",3080156
"735",2020-03-17,78,1,"NV",3080156
"736",2020-03-18,101,1,"NV",3080156
"737",2020-03-19,109,1,"NV",3080156
"738",2020-03-20,124,2,"NV",3080156
"739",2020-03-21,154,2,"NV",3080156
"740",2020-03-22,190,2,"NV",3080156
"741",2020-03-23,278,4,"NV",3080156
"742",2020-03-24,321,6,"NV",3080156
"743",2020-03-25,420,10,"NV",3080156
"744",2020-03-26,535,10,"NV",3080156
"745",2020-03-27,621,14,"NV",3080156
"746",2020-03-28,738,14,"NV",3080156
"747",2020-03-29,996,15,"NV",3080156
"748",2020-03-30,1113,17,"NV",3080156
"749",2020-03-31,1279,26,"NV",3080156
"750",2020-04-01,1458,36,"NV",3080156
"751",2020-04-02,1514,43,"NV",3080156
"752",2020-04-03,1742,45,"NV",3080156
"753",2020-03-07,2,0,"NH",1359711
"754",2020-03-08,4,0,"NH",1359711
"755",2020-03-09,4,0,"NH",1359711
"756",2020-03-10,5,0,"NH",1359711
"757",2020-03-11,5,0,"NH",1359711
"758",2020-03-12,6,0,"NH",1359711
"759",2020-03-14,7,0,"NH",1359711
"760",2020-03-15,13,0,"NH",1359711
"761",2020-03-16,17,0,"NH",1359711
"762",2020-03-17,26,0,"NH",1359711
"763",2020-03-18,39,0,"NH",1359711
"764",2020-03-19,44,0,"NH",1359711
"765",2020-03-20,55,0,"NH",1359711
"766",2020-03-21,65,0,"NH",1359711
"767",2020-03-22,78,0,"NH",1359711
"768",2020-03-23,101,0,"NH",1359711
"769",2020-03-24,108,1,"NH",1359711
"770",2020-03-25,137,1,"NH",1359711
"771",2020-03-26,158,1,"NH",1359711
"772",2020-03-27,187,2,"NH",1359711
"773",2020-03-28,214,2,"NH",1359711
"774",2020-03-29,258,3,"NH",1359711
"775",2020-03-30,314,3,"NH",1359711
"776",2020-03-31,367,3,"NH",1359711
"777",2020-04-01,415,4,"NH",1359711
"778",2020-04-02,479,5,"NH",1359711
"779",2020-03-04,1,0,"NJ",8882190
"780",2020-03-05,2,0,"NJ",8882190
"781",2020-03-06,4,0,"NJ",8882190
"782",2020-03-07,4,0,"NJ",8882190
"783",2020-03-08,6,0,"NJ",8882190
"784",2020-03-09,11,0,"NJ",8882190
"785",2020-03-10,15,1,"NJ",8882190
"786",2020-03-11,23,1,"NJ",8882190
"787",2020-03-12,29,1,"NJ",8882190
"788",2020-03-13,50,1,"NJ",8882190
"789",2020-03-14,69,2,"NJ",8882190
"790",2020-03-15,98,2,"NJ",8882190
"791",2020-03-16,178,3,"NJ",8882190
"792",2020-03-17,267,3,"NJ",8882190
"793",2020-03-18,427,5,"NJ",8882190
"794",2020-03-19,742,9,"NJ",8882190
"795",2020-03-20,890,11,"NJ",8882190
"796",2020-03-21,1327,16,"NJ",8882190
"797",2020-03-22,1914,20,"NJ",8882190
"798",2020-03-23,2844,27,"NJ",8882190
"799",2020-03-24,3675,44,"NJ",8882190
"800",2020-03-25,4402,62,"NJ",8882190
"801",2020-03-26,6876,81,"NJ",8882190
"802",2020-03-27,8825,108,"NJ",8882190
"803",2020-03-28,11124,140,"NJ",8882190
"804",2020-03-29,13386,161,"NJ",8882190
"805",2020-03-30,16636,198,"NJ",8882190
"806",2020-03-31,18696,267,"NJ",8882190
"807",2020-04-01,22259,355,"NJ",8882190
"808",2020-04-02,25590,537,"NJ",8882190
"809",2020-04-03,29895,646,"NJ",8882190
"810",2020-04-04,34124,846,"NJ",8882190
"811",2020-03-11,4,0,"NM",2096829
"812",2020-03-12,6,0,"NM",2096829
"813",2020-03-13,10,0,"NM",2096829
"814",2020-03-14,13,0,"NM",2096829
"815",2020-03-15,17,0,"NM",2096829
"816",2020-03-16,21,0,"NM",2096829
"817",2020-03-17,23,0,"NM",2096829
"818",2020-03-18,28,0,"NM",2096829
"819",2020-03-19,35,0,"NM",2096829
"820",2020-03-20,43,0,"NM",2096829
"821",2020-03-21,57,0,"NM",2096829
"822",2020-03-22,65,0,"NM",2096829
"823",2020-03-23,83,0,"NM",2096829
"824",2020-03-24,100,0,"NM",2096829
"825",2020-03-25,112,1,"NM",2096829
"826",2020-03-26,136,1,"NM",2096829
"827",2020-03-27,191,1,"NM",2096829
"828",2020-03-28,208,2,"NM",2096829
"829",2020-03-29,237,2,"NM",2096829
"830",2020-03-30,281,4,"NM",2096829
"831",2020-03-31,315,5,"NM",2096829
"832",2020-04-01,363,6,"NM",2096829
"833",2020-04-02,403,7,"NM",2096829
"834",2020-04-03,495,10,"NM",2096829
"835",2020-03-01,1,0,"NY",19453561
"836",2020-03-02,1,0,"NY",19453561
"837",2020-03-03,2,0,"NY",19453561
"838",2020-03-04,11,0,"NY",19453561
"839",2020-03-05,22,0,"NY",19453561
"840",2020-03-06,44,0,"NY",19453561
"841",2020-03-07,89,0,"NY",19453561
"842",2020-03-08,105,0,"NY",19453561
"843",2020-03-09,142,0,"NY",19453561
"844",2020-03-10,173,0,"NY",19453561
"845",2020-03-11,216,0,"NY",19453561
"846",2020-03-12,325,0,"NY",19453561
"847",2020-03-13,421,0,"NY",19453561
"848",2020-03-14,613,2,"NY",19453561
"849",2020-03-15,729,3,"NY",19453561
"850",2020-03-16,950,7,"NY",19453561
"851",2020-03-17,1374,12,"NY",19453561
"852",2020-03-18,2480,16,"NY",19453561
"853",2020-03-19,5711,38,"NY",19453561
"854",2020-03-20,8402,46,"NY",19453561
"855",2020-03-21,10356,58,"NY",19453561
"856",2020-03-22,15168,76,"NY",19453561
"857",2020-03-23,20875,157,"NY",19453561
"858",2020-03-24,25665,271,"NY",19453561
"859",2020-03-25,30811,285,"NY",19453561
"860",2020-03-26,37258,385,"NY",19453561
"861",2020-03-27,44635,519,"NY",19453561
"862",2020-03-28,52318,728,"NY",19453561
"863",2020-03-29,59513,965,"NY",19453561
"864",2020-03-30,66497,1218,"NY",19453561
"865",2020-03-31,75795,1550,"NY",19453561
"866",2020-04-01,83712,1941,"NY",19453561
"867",2020-04-02,92381,2373,"NY",19453561
"868",2020-04-03,102863,2935,"NY",19453561
"869",2020-04-04,113704,3565,"NY",19453561
"870",2020-03-08,2,NA,"NC",10488084
"871",2020-03-09,7,NA,"NC",10488084
"872",2020-03-10,7,NA,"NC",10488084
"873",2020-03-11,8,NA,"NC",10488084
"874",2020-03-12,15,NA,"NC",10488084
"875",2020-03-13,15,NA,"NC",10488084
"876",2020-03-14,23,NA,"NC",10488084
"877",2020-03-15,32,NA,"NC",10488084
"878",2020-03-16,33,NA,"NC",10488084
"879",2020-03-17,40,NA,"NC",10488084
"880",2020-03-18,63,NA,"NC",10488084
"881",2020-03-19,97,NA,"NC",10488084
"882",2020-03-20,137,NA,"NC",10488084
"883",2020-03-21,184,NA,"NC",10488084
"884",2020-03-22,255,NA,"NC",10488084
"885",2020-03-23,297,NA,"NC",10488084
"886",2020-03-24,398,NA,"NC",10488084
"887",2020-03-25,504,NA,"NC",10488084
"888",2020-03-26,636,NA,"NC",10488084
"889",2020-03-27,763,NA,"NC",10488084
"890",2020-03-28,935,NA,"NC",10488084
"891",2020-03-29,1167,NA,"NC",10488084
"892",2020-03-30,1307,NA,"NC",10488084
"893",2020-03-31,1498,NA,"NC",10488084
"894",2020-04-01,1584,NA,"NC",10488084
"895",2020-04-02,1857,NA,"NC",10488084
"896",2020-03-11,1,0,"ND",762062
"897",2020-03-12,1,0,"ND",762062
"898",2020-03-13,1,0,"ND",762062
"899",2020-03-14,1,0,"ND",762062
"900",2020-03-15,1,0,"ND",762062
"901",2020-03-16,1,0,"ND",762062
"902",2020-03-17,5,0,"ND",762062
"903",2020-03-18,7,0,"ND",762062
"904",2020-03-19,19,0,"ND",762062
"905",2020-03-20,26,0,"ND",762062
"906",2020-03-21,28,0,"ND",762062
"907",2020-03-22,30,0,"ND",762062
"908",2020-03-23,32,0,"ND",762062
"909",2020-03-24,36,0,"ND",762062
"910",2020-03-25,45,0,"ND",762062
"911",2020-03-26,58,0,"ND",762062
"912",2020-03-27,68,1,"ND",762062
"913",2020-03-28,94,1,"ND",762062
"914",2020-03-29,98,1,"ND",762062
"915",2020-03-30,109,3,"ND",762062
"916",2020-03-31,126,3,"ND",762062
"917",2020-04-01,147,3,"ND",762062
"918",2020-04-02,159,3,"ND",762062
"919",2020-04-03,173,3,"ND",762062
"920",2020-03-09,3,0,"OH",11689100
"921",2020-03-11,4,0,"OH",11689100
"922",2020-03-12,5,0,"OH",11689100
"923",2020-03-13,13,0,"OH",11689100
"924",2020-03-14,26,0,"OH",11689100
"925",2020-03-15,37,0,"OH",11689100
"926",2020-03-16,50,0,"OH",11689100
"927",2020-03-17,67,0,"OH",11689100
"928",2020-03-18,88,0,"OH",11689100
"929",2020-03-19,119,0,"OH",11689100
"930",2020-03-20,169,1,"OH",11689100
"931",2020-03-21,247,3,"OH",11689100
"932",2020-03-22,351,3,"OH",11689100
"933",2020-03-23,442,6,"OH",11689100
"934",2020-03-24,564,8,"OH",11689100
"935",2020-03-25,704,10,"OH",11689100
"936",2020-03-26,867,15,"OH",11689100
"937",2020-03-27,1137,19,"OH",11689100
"938",2020-03-28,1406,25,"OH",11689100
"939",2020-03-29,1653,29,"OH",11689100
"940",2020-03-30,1933,39,"OH",11689100
"941",2020-03-31,2199,55,"OH",11689100
"942",2020-04-01,2547,65,"OH",11689100
"943",2020-04-02,2902,81,"OH",11689100
"944",2020-04-03,3312,91,"OH",11689100
"945",2020-04-04,3739,102,"OH",11689100
"946",2020-03-07,1,0,"OK",3956971
"947",2020-03-10,2,0,"OK",3956971
"948",2020-03-13,3,0,"OK",3956971
"949",2020-03-14,4,0,"OK",3956971
"950",2020-03-15,7,0,"OK",3956971
"951",2020-03-16,10,0,"OK",3956971
"952",2020-03-17,17,0,"OK",3956971
"953",2020-03-18,29,0,"OK",3956971
"954",2020-03-19,44,1,"OK",3956971
"955",2020-03-20,49,1,"OK",3956971
"956",2020-03-21,53,1,"OK",3956971
"957",2020-03-22,67,2,"OK",3956971
"958",2020-03-23,81,2,"OK",3956971
"959",2020-03-24,106,3,"OK",3956971
"960",2020-03-25,164,5,"OK",3956971
"961",2020-03-26,248,7,"OK",3956971
"962",2020-03-27,322,8,"OK",3956971
"963",2020-03-28,377,15,"OK",3956971
"964",2020-03-29,429,16,"OK",3956971
"965",2020-03-30,481,17,"OK",3956971
"966",2020-03-31,565,23,"OK",3956971
"967",2020-04-01,719,30,"OK",3956971
"968",2020-04-02,879,34,"OK",3956971
"969",2020-04-03,988,38,"OK",3956971
"970",2020-04-04,1159,42,"OK",3956971
"971",2020-02-28,1,NA,"OR",4217737
"972",2020-02-29,1,NA,"OR",4217737
"973",2020-03-01,2,NA,"OR",4217737
"974",2020-03-02,3,NA,"OR",4217737
"975",2020-03-03,3,NA,"OR",4217737
"976",2020-03-04,3,NA,"OR",4217737
"977",2020-03-05,3,NA,"OR",4217737
"978",2020-03-06,3,NA,"OR",4217737
"979",2020-03-07,7,NA,"OR",4217737
"980",2020-03-08,14,NA,"OR",4217737
"981",2020-03-09,14,NA,"OR",4217737
"982",2020-03-10,15,NA,"OR",4217737
"983",2020-03-11,21,NA,"OR",4217737
"984",2020-03-12,22,NA,"OR",4217737
"985",2020-03-13,30,NA,"OR",4217737
"986",2020-03-14,36,NA,"OR",4217737
"987",2020-03-15,39,NA,"OR",4217737
"988",2020-03-16,47,NA,"OR",4217737
"989",2020-03-17,65,NA,"OR",4217737
"990",2020-03-18,75,NA,"OR",4217737
"991",2020-03-19,88,NA,"OR",4217737
"992",2020-03-20,114,NA,"OR",4217737
"993",2020-03-21,137,NA,"OR",4217737
"994",2020-03-22,161,NA,"OR",4217737
"995",2020-03-23,191,NA,"OR",4217737
"996",2020-03-24,209,NA,"OR",4217737
"997",2020-03-25,266,NA,"OR",4217737
"998",2020-03-26,316,NA,"OR",4217737
"999",2020-03-27,414,NA,"OR",4217737
"1000",2020-03-28,479,NA,"OR",4217737
"1001",2020-03-29,548,NA,"OR",4217737
"1002",2020-03-30,606,NA,"OR",4217737
"1003",2020-03-31,690,NA,"OR",4217737
"1004",2020-04-01,736,NA,"OR",4217737
"1005",2020-04-02,826,NA,"OR",4217737
"1006",2020-04-03,899,NA,"OR",4217737
"1007",2020-03-06,2,0,"PA",12801989
"1008",2020-03-07,4,0,"PA",12801989
"1009",2020-03-08,6,0,"PA",12801989
"1010",2020-03-09,10,0,"PA",12801989
"1011",2020-03-10,12,0,"PA",12801989
"1012",2020-03-11,16,0,"PA",12801989
"1013",2020-03-12,22,0,"PA",12801989
"1014",2020-03-13,41,0,"PA",12801989
"1015",2020-03-14,47,0,"PA",12801989
"1016",2020-03-15,63,0,"PA",12801989
"1017",2020-03-16,76,0,"PA",12801989
"1018",2020-03-17,96,0,"PA",12801989
"1019",2020-03-18,133,1,"PA",12801989
"1020",2020-03-19,185,1,"PA",12801989
"1021",2020-03-20,268,1,"PA",12801989
"1022",2020-03-21,371,2,"PA",12801989
"1023",2020-03-22,479,3,"PA",12801989
"1024",2020-03-23,644,6,"PA",12801989
"1025",2020-03-24,851,7,"PA",12801989
"1026",2020-03-25,1127,11,"PA",12801989
"1027",2020-03-26,1687,16,"PA",12801989
"1028",2020-03-27,2218,22,"PA",12801989
"1029",2020-03-28,2751,34,"PA",12801989
"1030",2020-03-29,3394,38,"PA",12801989
"1031",2020-03-30,4087,48,"PA",12801989
"1032",2020-03-31,4843,63,"PA",12801989
"1033",2020-04-01,5805,74,"PA",12801989
"1034",2020-04-02,7016,90,"PA",12801989
"1035",2020-04-03,8420,102,"PA",12801989
"1036",2020-04-04,10017,136,"PA",12801989
"1037",2020-03-07,2,0,"RI",1059361
"1038",2020-03-09,3,0,"RI",1059361
"1039",2020-03-10,5,0,"RI",1059361
"1040",2020-03-11,5,0,"RI",1059361
"1041",2020-03-12,5,0,"RI",1059361
"1042",2020-03-13,14,0,"RI",1059361
"1043",2020-03-14,20,0,"RI",1059361
"1044",2020-03-15,20,0,"RI",1059361
"1045",2020-03-16,21,0,"RI",1059361
"1046",2020-03-18,33,0,"RI",1059361
"1047",2020-03-20,44,0,"RI",1059361
"1048",2020-03-21,66,0,"RI",1059361
"1049",2020-03-22,83,0,"RI",1059361
"1050",2020-03-23,106,0,"RI",1059361
"1051",2020-03-25,132,0,"RI",1059361
"1052",2020-03-26,165,0,"RI",1059361
"1053",2020-03-27,203,0,"RI",1059361
"1054",2020-03-28,239,2,"RI",1059361
"1055",2020-03-29,295,3,"RI",1059361
"1056",2020-03-30,408,4,"RI",1059361
"1057",2020-03-31,488,8,"RI",1059361
"1058",2020-04-01,566,10,"RI",1059361
"1059",2020-04-02,657,12,"RI",1059361
"1060",2020-04-03,711,14,"RI",1059361
"1061",2020-04-04,806,17,"RI",1059361
"1062",2020-03-07,2,0,"SC",5148714
"1063",2020-03-08,6,0,"SC",5148714
"1064",2020-03-09,7,0,"SC",5148714
"1065",2020-03-10,9,0,"SC",5148714
"1066",2020-03-11,10,0,"SC",5148714
"1067",2020-03-12,12,0,"SC",5148714
"1068",2020-03-13,13,0,"SC",5148714
"1069",2020-03-14,19,0,"SC",5148714
"1070",2020-03-15,28,0,"SC",5148714
"1071",2020-03-16,33,1,"SC",5148714
"1072",2020-03-17,47,0,"SC",5148714
"1073",2020-03-18,60,0,"SC",5148714
"1074",2020-03-19,80,0,"SC",5148714
"1075",2020-03-20,125,3,"SC",5148714
"1076",2020-03-21,173,0,"SC",5148714
"1077",2020-03-22,195,0,"SC",5148714
"1078",2020-03-23,298,5,"SC",5148714
"1079",2020-03-24,342,7,"SC",5148714
"1080",2020-03-25,424,8,"SC",5148714
"1081",2020-03-26,456,9,"SC",5148714
"1082",2020-03-27,539,13,"SC",5148714
"1083",2020-03-28,660,15,"SC",5148714
"1084",2020-03-29,774,16,"SC",5148714
"1085",2020-03-30,925,18,"SC",5148714
"1086",2020-03-31,1083,22,"SC",5148714
"1087",2020-04-01,1293,26,"SC",5148714
"1088",2020-04-02,1554,31,"SC",5148714
"1089",2020-04-03,1700,34,"SC",5148714
"1090",2020-04-04,1917,40,"SC",5148714
"1091",2020-03-10,5,0,"SD",884659
"1092",2020-03-11,8,0,"SD",884659
"1093",2020-03-13,9,0,"SD",884659
"1094",2020-03-14,9,0,"SD",884659
"1095",2020-03-15,9,0,"SD",884659
"1096",2020-03-16,10,0,"SD",884659
"1097",2020-03-17,11,0,"SD",884659
"1098",2020-03-18,11,1,"SD",884659
"1099",2020-03-19,14,1,"SD",884659
"1100",2020-03-21,14,1,"SD",884659
"1101",2020-03-22,21,1,"SD",884659
"1102",2020-03-23,28,1,"SD",884659
"1103",2020-03-24,30,1,"SD",884659
"1104",2020-03-25,41,1,"SD",884659
"1105",2020-03-26,46,1,"SD",884659
"1106",2020-03-27,58,1,"SD",884659
"1107",2020-03-28,68,1,"SD",884659
"1108",2020-03-29,90,1,"SD",884659
"1109",2020-04-01,108,1,"SD",884659
"1110",2020-04-02,165,2,"SD",884659
"1111",2020-04-04,212,2,"SD",884659
"1112",2020-03-08,3,0,"TN",6829174
"1113",2020-03-09,4,0,"TN",6829174
"1114",2020-03-10,7,0,"TN",6829174
"1115",2020-03-11,9,0,"TN",6829174
"1116",2020-03-12,18,0,"TN",6829174
"1117",2020-03-13,26,0,"TN",6829174
"1118",2020-03-14,32,0,"TN",6829174
"1119",2020-03-15,39,0,"TN",6829174
"1120",2020-03-16,52,0,"TN",6829174
"1121",2020-03-17,73,0,"TN",6829174
"1122",2020-03-18,98,0,"TN",6829174
"1123",2020-03-19,154,0,"TN",6829174
"1124",2020-03-20,228,0,"TN",6829174
"1125",2020-03-21,371,0,"TN",6829174
"1126",2020-03-22,505,0,"TN",6829174
"1127",2020-03-23,615,0,"TN",6829174
"1128",2020-03-24,667,2,"TN",6829174
"1129",2020-03-25,784,3,"TN",6829174
"1130",2020-03-26,957,3,"TN",6829174
"1131",2020-03-27,1203,6,"TN",6829174
"1132",2020-03-28,1373,6,"TN",6829174
"1133",2020-03-29,1537,7,"TN",6829174
"1134",2020-03-30,1834,13,"TN",6829174
"1135",2020-03-31,2239,21,"TN",6829174
"1136",2020-04-01,2683,24,"TN",6829174
"1137",2020-04-02,2845,32,"TN",6829174
"1138",2020-04-03,3067,37,"TN",6829174
"1139",2020-04-04,3321,43,"TN",6829174
"1140",2020-03-07,8,0,"TX",28995881
"1141",2020-03-09,12,0,"TX",28995881
"1142",2020-03-10,13,0,"TX",28995881
"1143",2020-03-11,21,0,"TX",28995881
"1144",2020-03-12,23,0,"TX",28995881
"1145",2020-03-13,39,0,"TX",28995881
"1146",2020-03-14,51,0,"TX",28995881
"1147",2020-03-15,56,0,"TX",28995881
"1148",2020-03-16,57,0,"TX",28995881
"1149",2020-03-17,64,1,"TX",28995881
"1150",2020-03-18,83,2,"TX",28995881
"1151",2020-03-19,143,3,"TX",28995881
"1152",2020-03-20,194,5,"TX",28995881
"1153",2020-03-21,304,5,"TX",28995881
"1154",2020-03-22,334,5,"TX",28995881
"1155",2020-03-23,352,8,"TX",28995881
"1156",2020-03-24,715,11,"TX",28995881
"1157",2020-03-25,974,12,"TX",28995881
"1158",2020-03-26,1396,18,"TX",28995881
"1159",2020-03-27,1731,23,"TX",28995881
"1160",2020-03-28,2052,27,"TX",28995881
"1161",2020-03-29,2552,34,"TX",28995881
"1162",2020-03-30,2877,38,"TX",28995881
"1163",2020-03-31,3266,41,"TX",28995881
"1164",2020-04-01,3997,58,"TX",28995881
"1165",2020-04-02,4669,70,"TX",28995881
"1166",2020-04-03,5330,90,"TX",28995881
"1167",2020-04-04,6110,105,"TX",28995881
"1168",2020-03-06,1,0,"UT",3205958
"1169",2020-03-10,2,0,"UT",3205958
"1170",2020-03-11,3,0,"UT",3205958
"1171",2020-03-12,5,0,"UT",3205958
"1172",2020-03-13,9,0,"UT",3205958
"1173",2020-03-14,10,0,"UT",3205958
"1174",2020-03-15,28,0,"UT",3205958
"1175",2020-03-16,39,0,"UT",3205958
"1176",2020-03-17,51,0,"UT",3205958
"1177",2020-03-18,63,0,"UT",3205958
"1178",2020-03-19,78,0,"UT",3205958
"1179",2020-03-20,112,0,"UT",3205958
"1180",2020-03-21,136,0,"UT",3205958
"1181",2020-03-22,181,1,"UT",3205958
"1182",2020-03-23,257,1,"UT",3205958
"1183",2020-03-24,298,1,"UT",3205958
"1184",2020-03-25,346,1,"UT",3205958
"1185",2020-03-26,402,1,"UT",3205958
"1186",2020-03-27,480,2,"UT",3205958
"1187",2020-03-28,602,2,"UT",3205958
"1188",2020-03-29,719,2,"UT",3205958
"1189",2020-03-30,806,4,"UT",3205958
"1190",2020-03-31,887,5,"UT",3205958
"1191",2020-04-01,1012,7,"UT",3205958
"1192",2020-04-02,1074,7,"UT",3205958
"1193",2020-04-03,1246,7,"UT",3205958
"1194",2020-04-04,1428,8,"UT",3205958
"1195",2020-03-07,1,0,"VT",623989
"1196",2020-03-08,1,0,"VT",623989
"1197",2020-03-09,1,0,"VT",623989
"1198",2020-03-10,1,0,"VT",623989
"1199",2020-03-11,1,0,"VT",623989
"1200",2020-03-12,2,0,"VT",623989
"1201",2020-03-13,2,0,"VT",623989
"1202",2020-03-14,4,0,"VT",623989
"1203",2020-03-15,8,0,"VT",623989
"1204",2020-03-16,12,0,"VT",623989
"1205",2020-03-17,17,0,"VT",623989
"1206",2020-03-18,19,0,"VT",623989
"1207",2020-03-19,22,2,"VT",623989
"1208",2020-03-20,29,2,"VT",623989
"1209",2020-03-21,49,2,"VT",623989
"1210",2020-03-22,52,2,"VT",623989
"1211",2020-03-23,75,5,"VT",623989
"1212",2020-03-24,95,7,"VT",623989
"1213",2020-03-25,123,8,"VT",623989
"1214",2020-03-26,158,9,"VT",623989
"1215",2020-03-27,184,10,"VT",623989
"1216",2020-03-28,211,12,"VT",623989
"1217",2020-03-29,235,12,"VT",623989
"1218",2020-03-30,256,12,"VT",623989
"1219",2020-03-31,293,13,"VT",623989
"1220",2020-04-01,321,16,"VT",623989
"1221",2020-04-02,338,17,"VT",623989
"1222",2020-04-03,389,17,"VT",623989
"1223",2020-04-04,461,20,"VT",623989
"1224",2020-03-07,1,0,"VA",8535519
"1225",2020-03-08,2,0,"VA",8535519
"1226",2020-03-09,5,0,"VA",8535519
"1227",2020-03-10,8,0,"VA",8535519
"1228",2020-03-11,10,0,"VA",8535519
"1229",2020-03-12,17,0,"VA",8535519
"1230",2020-03-13,30,0,"VA",8535519
"1231",2020-03-14,41,1,"VA",8535519
"1232",2020-03-15,45,1,"VA",8535519
"1233",2020-03-16,51,2,"VA",8535519
"1234",2020-03-17,67,2,"VA",8535519
"1235",2020-03-18,77,2,"VA",8535519
"1236",2020-03-19,94,2,"VA",8535519
"1237",2020-03-20,114,2,"VA",8535519
"1238",2020-03-21,152,2,"VA",8535519
"1239",2020-03-22,220,3,"VA",8535519
"1240",2020-03-23,254,6,"VA",8535519
"1241",2020-03-24,290,9,"VA",8535519
"1242",2020-03-25,391,9,"VA",8535519
"1243",2020-03-26,460,13,"VA",8535519
"1244",2020-03-27,615,15,"VA",8535519
"1245",2020-03-28,739,18,"VA",8535519
"1246",2020-03-29,890,22,"VA",8535519
"1247",2020-03-30,1020,25,"VA",8535519
"1248",2020-03-31,1250,27,"VA",8535519
"1249",2020-04-01,1484,34,"VA",8535519
"1250",2020-04-02,1706,41,"VA",8535519
"1251",2020-04-03,2012,46,"VA",8535519
"1252",2020-04-04,2407,52,"VA",8535519
"1253",2020-02-27,1,NA,"WA",7614893
"1254",2020-02-28,3,NA,"WA",7614893
"1255",2020-02-29,6,NA,"WA",7614893
"1256",2020-03-01,13,NA,"WA",7614893
"1257",2020-03-02,18,NA,"WA",7614893
"1258",2020-03-03,28,NA,"WA",7614893
"1259",2020-03-04,39,NA,"WA",7614893
"1260",2020-03-05,70,NA,"WA",7614893
"1261",2020-03-06,80,NA,"WA",7614893
"1262",2020-03-07,102,NA,"WA",7614893
"1263",2020-03-08,136,NA,"WA",7614893
"1264",2020-03-09,162,NA,"WA",7614893
"1265",2020-03-10,267,NA,"WA",7614893
"1266",2020-03-11,366,NA,"WA",7614893
"1267",2020-03-12,457,NA,"WA",7614893
"1268",2020-03-13,568,NA,"WA",7614893
"1269",2020-03-14,642,NA,"WA",7614893
"1270",2020-03-15,769,NA,"WA",7614893
"1271",2020-03-16,904,NA,"WA",7614893
"1272",2020-03-17,1012,NA,"WA",7614893
"1273",2020-03-18,1187,NA,"WA",7614893
"1274",2020-03-19,1376,NA,"WA",7614893
"1275",2020-03-20,1524,NA,"WA",7614893
"1276",2020-03-21,1793,NA,"WA",7614893
"1277",2020-03-22,1996,NA,"WA",7614893
"1278",2020-03-23,2221,NA,"WA",7614893
"1279",2020-03-24,2469,NA,"WA",7614893
"1280",2020-03-25,2580,NA,"WA",7614893
"1281",2020-03-26,3207,NA,"WA",7614893
"1282",2020-03-27,3723,NA,"WA",7614893
"1283",2020-03-28,4310,NA,"WA",7614893
"1284",2020-03-29,5062,NA,"WA",7614893
"1285",2020-03-30,5515,NA,"WA",7614893
"1286",2020-03-31,5984,NA,"WA",7614893
"1287",2020-04-01,6585,NA,"WA",7614893
"1288",2020-04-02,6966,NA,"WA",7614893
"1289",2020-03-07,1,NA,"Washington, D.C.",705749
"1290",2020-03-08,1,NA,"Washington, D.C.",705749
"1291",2020-03-09,5,NA,"Washington, D.C.",705749
"1292",2020-03-10,5,NA,"Washington, D.C.",705749
"1293",2020-03-11,10,NA,"Washington, D.C.",705749
"1294",2020-03-13,10,NA,"Washington, D.C.",705749
"1295",2020-03-14,16,NA,"Washington, D.C.",705749
"1296",2020-03-15,17,NA,"Washington, D.C.",705749
"1297",2020-03-16,22,NA,"Washington, D.C.",705749
"1298",2020-03-17,31,NA,"Washington, D.C.",705749
"1299",2020-03-18,39,NA,"Washington, D.C.",705749
"1300",2020-03-19,71,NA,"Washington, D.C.",705749
"1301",2020-03-21,98,NA,"Washington, D.C.",705749
"1302",2020-03-22,116,NA,"Washington, D.C.",705749
"1303",2020-03-23,137,NA,"Washington, D.C.",705749
"1304",2020-03-24,183,NA,"Washington, D.C.",705749
"1305",2020-03-25,231,NA,"Washington, D.C.",705749
"1306",2020-03-26,267,NA,"Washington, D.C.",705749
"1307",2020-03-27,304,NA,"Washington, D.C.",705749
"1308",2020-03-28,342,NA,"Washington, D.C.",705749
"1309",2020-03-29,401,NA,"Washington, D.C.",705749
"1310",2020-03-30,495,NA,"Washington, D.C.",705749
"1311",2020-04-01,495,NA,"Washington, D.C.",705749
"1312",2020-04-02,495,NA,"Washington, D.C.",705749
"1313",2020-04-03,757,NA,"Washington, D.C.",705749
"1314",2020-03-16,1,NA,"WV",1792147
"1315",2020-03-17,1,NA,"WV",1792147
"1316",2020-03-18,2,NA,"WV",1792147
"1317",2020-03-19,5,NA,"WV",1792147
"1318",2020-03-20,8,NA,"WV",1792147
"1319",2020-03-21,11,NA,"WV",1792147
"1320",2020-03-22,12,NA,"WV",1792147
"1321",2020-03-23,20,NA,"WV",1792147
"1322",2020-03-24,39,NA,"WV",1792147
"1323",2020-03-25,51,NA,"WV",1792147
"1324",2020-03-26,76,NA,"WV",1792147
"1325",2020-03-27,96,NA,"WV",1792147
"1326",2020-03-28,113,NA,"WV",1792147
"1327",2020-03-29,124,NA,"WV",1792147
"1328",2020-03-30,145,NA,"WV",1792147
"1329",2020-03-31,162,NA,"WV",1792147
"1330",2020-04-01,191,NA,"WV",1792147
"1331",2020-04-02,217,NA,"WV",1792147
"1332",2020-04-03,227,NA,"WV",1792147
"1333",2020-04-04,282,NA,"WV",1792147
"1334",2020-02-05,1,0,"WI",5822434
"1335",2020-03-09,2,0,"WI",5822434
"1336",2020-03-10,3,0,"WI",5822434
"1337",2020-03-11,6,0,"WI",5822434
"1338",2020-03-12,8,0,"WI",5822434
"1339",2020-03-13,19,0,"WI",5822434
"1340",2020-03-14,27,0,"WI",5822434
"1341",2020-03-15,33,0,"WI",5822434
"1342",2020-03-16,47,0,"WI",5822434
"1343",2020-03-17,72,0,"WI",5822434
"1344",2020-03-18,106,0,"WI",5822434
"1345",2020-03-19,155,2,"WI",5822434
"1346",2020-03-20,206,3,"WI",5822434
"1347",2020-03-21,281,4,"WI",5822434
"1348",2020-03-22,381,4,"WI",5822434
"1349",2020-03-23,416,5,"WI",5822434
"1350",2020-03-24,457,5,"WI",5822434
"1351",2020-03-25,585,6,"WI",5822434
"1352",2020-03-26,707,8,"WI",5822434
"1353",2020-03-27,842,13,"WI",5822434
"1354",2020-03-28,989,13,"WI",5822434
"1355",2020-03-29,1112,13,"WI",5822434
"1356",2020-03-30,1221,14,"WI",5822434
"1357",2020-03-31,1351,16,"WI",5822434
"1358",2020-04-01,1550,24,"WI",5822434
"1359",2020-04-02,1730,31,"WI",5822434
"1360",2020-04-03,1916,37,"WI",5822434
"1361",2020-03-11,1,0,"WY",578759
"1362",2020-03-13,2,0,"WY",578759
"1363",2020-03-14,3,0,"WY",578759
"1364",2020-03-16,10,0,"WY",578759
"1365",2020-03-17,11,0,"WY",578759
"1366",2020-03-18,18,0,"WY",578759
"1367",2020-03-19,18,0,"WY",578759
"1368",2020-03-20,20,0,"WY",578759
"1369",2020-03-21,23,0,"WY",578759
"1370",2020-03-22,26,0,"WY",578759
"1371",2020-03-23,28,0,"WY",578759
"1372",2020-03-24,33,0,"WY",578759
"1373",2020-03-25,49,0,"WY",578759
"1374",2020-03-26,56,0,"WY",578759
"1375",2020-03-27,70,0,"WY",578759
"1376",2020-03-28,84,0,"WY",578759
"1377",2020-03-30,94,0,"WY",578759
"1378",2020-04-02,0,0,"WY",578759
"1379",2020-04-03,153,0,"WY",578759
